,node,dataset,budgets,solving_time
0,0,citeseer,"(1, 1)",1.5706112384796143
1,1,citeseer,"(1, 1)",4.6839823722839355
2,2,citeseer,"(1, 1)",1.2032480239868164
3,3,citeseer,"(1, 1)",1.4426193237304688
4,4,citeseer,"(1, 1)",1.719153881072998
5,5,citeseer,"(1, 1)",1.270552635192871
6,6,citeseer,"(1, 1)",1.4651694297790527
7,7,citeseer,"(1, 1)",1.2991209030151367
8,8,citeseer,"(1, 1)",1.216684103012085
9,9,citeseer,"(1, 1)",0.9754993915557861
10,10,citeseer,"(1, 1)",0.9547584056854248
11,11,citeseer,"(1, 1)",0.5909044742584229
12,12,citeseer,"(1, 1)",1.1955204010009766
13,13,citeseer,"(1, 1)",2.2188446521759033
14,14,citeseer,"(1, 1)",0.2462453842163086
15,15,citeseer,"(1, 1)",0.7009422779083252
16,16,citeseer,"(1, 1)",0.7122337818145752
17,17,citeseer,"(1, 1)",0.6056196689605713
18,18,citeseer,"(1, 1)",1.04803466796875
19,19,citeseer,"(1, 1)",0.7231602668762207
20,20,citeseer,"(1, 1)",0.6151626110076904
21,21,citeseer,"(1, 1)",0.1588585376739502
22,22,citeseer,"(1, 1)",0.6156795024871826
23,23,citeseer,"(1, 1)",1.2127883434295654
24,24,citeseer,"(1, 1)",0.6228208541870117
25,25,citeseer,"(1, 1)",0.8669686317443848
26,26,citeseer,"(1, 1)",0.8092360496520996
27,27,citeseer,"(1, 1)",0.8982489109039307
28,28,citeseer,"(1, 1)",5.053088903427124
29,29,citeseer,"(1, 1)",1.436065912246704
30,30,citeseer,"(1, 1)",1.1917128562927246
31,31,citeseer,"(1, 1)",1.2230122089385986
32,32,citeseer,"(1, 1)",1.9854176044464111
33,33,citeseer,"(1, 1)",252.14499878883362
34,34,citeseer,"(1, 1)",0.6462337970733643
35,35,citeseer,"(1, 1)",0.6686758995056152
36,36,citeseer,"(1, 1)",0.5902454853057861
37,37,citeseer,"(1, 1)",0.6453137397766113
38,38,citeseer,"(1, 1)",0.2000594139099121
39,39,citeseer,"(1, 1)",0.6015756130218506
40,40,citeseer,"(1, 1)",0.6471970081329346
41,41,citeseer,"(1, 1)",0.5932660102844238
42,42,citeseer,"(1, 1)",0.7871949672698975
43,43,citeseer,"(1, 1)",0.579479455947876
44,44,citeseer,"(1, 1)",3.197559356689453
45,45,citeseer,"(1, 1)",1.1278927326202393
46,46,citeseer,"(1, 1)",0.7719905376434326
47,47,citeseer,"(1, 1)",1.818061113357544
48,48,citeseer,"(1, 1)",25.731494665145874
49,49,citeseer,"(1, 1)",0.6751058101654053
50,50,citeseer,"(1, 1)",0.8000349998474121
51,51,citeseer,"(1, 1)",1.233926773071289
52,52,citeseer,"(1, 1)",1.2117187976837158
53,53,citeseer,"(1, 1)",1.0199010372161865
54,54,citeseer,"(1, 1)",1.0354995727539062
55,55,citeseer,"(1, 1)",0.7244374752044678
56,56,citeseer,"(1, 1)",1.2832527160644531
57,57,citeseer,"(1, 1)",1.0654215812683105
58,58,citeseer,"(1, 1)",1.2163240909576416
59,59,citeseer,"(1, 1)",1.7794597148895264
60,60,citeseer,"(1, 1)",1.1831097602844238
61,61,citeseer,"(1, 1)",1.412811279296875
62,62,citeseer,"(1, 1)",1.6452302932739258
63,63,citeseer,"(1, 1)",1.0495655536651611
64,64,citeseer,"(1, 1)",0.7394015789031982
65,65,citeseer,"(1, 1)",1.1550593376159668
66,66,citeseer,"(1, 1)",1.247342824935913
67,67,citeseer,"(1, 1)",1.7895610332489014
68,68,citeseer,"(1, 1)",4.467458009719849
69,69,citeseer,"(1, 1)",0.9819300174713135
70,70,citeseer,"(1, 1)",0.6501750946044922
71,71,citeseer,"(1, 1)",0.5866601467132568
72,72,citeseer,"(1, 1)",1.1265275478363037
73,73,citeseer,"(1, 1)",0.9076566696166992
74,74,citeseer,"(1, 1)",0.9679114818572998
75,75,citeseer,"(1, 1)",1.8896443843841553
76,76,citeseer,"(1, 1)",0.4270632266998291
77,77,citeseer,"(1, 1)",1.1739840507507324
78,78,citeseer,"(1, 1)",0.6115231513977051
79,79,citeseer,"(1, 1)",0.6705670356750488
80,80,citeseer,"(1, 1)",0.18526721000671387
81,81,citeseer,"(1, 1)",0.672940731048584
82,82,citeseer,"(1, 1)",0.5485622882843018
83,83,citeseer,"(1, 1)",1.3776929378509521
84,84,citeseer,"(1, 1)",1.1155238151550293
85,85,citeseer,"(1, 1)",1.1070189476013184
86,86,citeseer,"(1, 1)",1.222722053527832
87,87,citeseer,"(1, 1)",0.7380318641662598
88,88,citeseer,"(1, 1)",1.1744098663330078
89,89,citeseer,"(1, 1)",1.119375467300415
90,90,citeseer,"(1, 1)",1.0690839290618896
91,91,citeseer,"(1, 1)",1.1315529346466064
92,92,citeseer,"(1, 1)",0.8051238059997559
93,93,citeseer,"(1, 1)",4.410516262054443
94,94,citeseer,"(1, 1)",25.301255226135254
95,95,citeseer,"(1, 1)",1.0629324913024902
96,96,citeseer,"(1, 1)",0.6521434783935547
97,97,citeseer,"(1, 1)",1.0463578701019287
98,98,citeseer,"(1, 1)",1.3549139499664307
99,99,citeseer,"(1, 1)",1.3350658416748047
100,0,citeseer,"(5, 3)",1.6573600769042969
101,1,citeseer,"(5, 3)",11.267015933990479
102,2,citeseer,"(5, 3)",1.4119977951049805
103,3,citeseer,"(5, 3)",1.9693214893341064
104,4,citeseer,"(5, 3)",1.397740125656128
105,5,citeseer,"(5, 3)",0.6303727626800537
106,6,citeseer,"(5, 3)",0.7099447250366211
107,7,citeseer,"(5, 3)",0.9539213180541992
108,8,citeseer,"(5, 3)",0.6399624347686768
109,9,citeseer,"(5, 3)",1.0077145099639893
110,10,citeseer,"(5, 3)",0.3534362316131592
111,11,citeseer,"(5, 3)",0.862933874130249
112,12,citeseer,"(5, 3)",7.82496190071106
113,13,citeseer,"(5, 3)",0.4795670509338379
114,14,citeseer,"(5, 3)",0.337709903717041
115,15,citeseer,"(5, 3)",0.9611563682556152
116,16,citeseer,"(5, 3)",1.0405755043029785
117,17,citeseer,"(5, 3)",1.8809123039245605
118,18,citeseer,"(5, 3)",1.028986930847168
119,19,citeseer,"(5, 3)",26.142483472824097
120,20,citeseer,"(5, 3)",1.2018704414367676
121,21,citeseer,"(5, 3)",0.18546462059020996
122,22,citeseer,"(5, 3)",0.6005256175994873
123,23,citeseer,"(5, 3)",7.04871940612793
124,24,citeseer,"(5, 3)",1.3191349506378174
125,25,citeseer,"(5, 3)",17.114580631256104
126,26,citeseer,"(5, 3)",0.9220383167266846
127,27,citeseer,"(5, 3)",1.8088324069976807
128,28,citeseer,"(5, 3)",0.42391037940979004
129,29,citeseer,"(5, 3)",1.605485200881958
130,30,citeseer,"(5, 3)",1.1593940258026123
131,31,citeseer,"(5, 3)",1.1330616474151611
132,32,citeseer,"(5, 3)",0.8152585029602051
133,33,citeseer,"(5, 3)",427.15416622161865
134,34,citeseer,"(5, 3)",1.3920719623565674
135,35,citeseer,"(5, 3)",0.6757431030273438
136,36,citeseer,"(5, 3)",0.5837442874908447
137,37,citeseer,"(5, 3)",0.6865015029907227
138,38,citeseer,"(5, 3)",0.21042728424072266
139,39,citeseer,"(5, 3)",0.6206061840057373
140,40,citeseer,"(5, 3)",0.6656374931335449
141,41,citeseer,"(5, 3)",0.6244876384735107
142,42,citeseer,"(5, 3)",0.8227176666259766
143,43,citeseer,"(5, 3)",0.5935139656066895
144,44,citeseer,"(5, 3)",0.786231279373169
145,45,citeseer,"(5, 3)",0.9619624614715576
146,46,citeseer,"(5, 3)",1.1280460357666016
147,47,citeseer,"(5, 3)",21.183327198028564
148,48,citeseer,"(5, 3)",14.115266799926758
149,49,citeseer,"(5, 3)",0.6194400787353516
150,50,citeseer,"(5, 3)",0.8866937160491943
151,51,citeseer,"(5, 3)",0.8114843368530273
152,52,citeseer,"(5, 3)",0.8898630142211914
153,53,citeseer,"(5, 3)",1.039018154144287
154,54,citeseer,"(5, 3)",1.235703945159912
155,55,citeseer,"(5, 3)",1.5814623832702637
156,56,citeseer,"(5, 3)",2.0814085006713867
157,57,citeseer,"(5, 3)",2.4181063175201416
158,58,citeseer,"(5, 3)",1.5323755741119385
159,59,citeseer,"(5, 3)",1.6285150051116943
160,60,citeseer,"(5, 3)",1.2668874263763428
161,61,citeseer,"(5, 3)",2.3223094940185547
162,62,citeseer,"(5, 3)",3.5862879753112793
163,63,citeseer,"(5, 3)",1.3907597064971924
164,64,citeseer,"(5, 3)",1.2326712608337402
165,65,citeseer,"(5, 3)",0.9117810726165771
166,66,citeseer,"(5, 3)",0.8128092288970947
167,67,citeseer,"(5, 3)",0.6500523090362549
168,68,citeseer,"(5, 3)",40.60142660140991
169,69,citeseer,"(5, 3)",0.9389584064483643
170,70,citeseer,"(5, 3)",0.5928292274475098
171,71,citeseer,"(5, 3)",0.6756036281585693
172,72,citeseer,"(5, 3)",10.94435739517212
173,73,citeseer,"(5, 3)",1.217085599899292
174,74,citeseer,"(5, 3)",1.518857717514038
175,75,citeseer,"(5, 3)",17.845927238464355
176,76,citeseer,"(5, 3)",0.2580840587615967
177,77,citeseer,"(5, 3)",1.1817870140075684
178,78,citeseer,"(5, 3)",1.3885183334350586
179,79,citeseer,"(5, 3)",1.1113951206207275
180,80,citeseer,"(5, 3)",0.26066064834594727
181,81,citeseer,"(5, 3)",0.7899343967437744
182,82,citeseer,"(5, 3)",0.8973228931427002
183,83,citeseer,"(5, 3)",1.3974277973175049
184,84,citeseer,"(5, 3)",3.4360849857330322
185,85,citeseer,"(5, 3)",1.1183412075042725
186,86,citeseer,"(5, 3)",2.4414963722229004
187,87,citeseer,"(5, 3)",1.6466293334960938
188,88,citeseer,"(5, 3)",4.879613637924194
189,89,citeseer,"(5, 3)",1.25508713722229
190,90,citeseer,"(5, 3)",1.5401828289031982
191,91,citeseer,"(5, 3)",3.8140432834625244
192,92,citeseer,"(5, 3)",1.3108456134796143
193,93,citeseer,"(5, 3)",0.4293253421783447
194,94,citeseer,"(5, 3)",25.956441164016724
195,95,citeseer,"(5, 3)",1.3737950325012207
196,96,citeseer,"(5, 3)",1.8197412490844727
197,97,citeseer,"(5, 3)",11.146084785461426
198,98,citeseer,"(5, 3)",0.6437880992889404
199,99,citeseer,"(5, 3)",0.6243128776550293
200,0,citeseer,"(10, 5)",1.6466736793518066
201,1,citeseer,"(10, 5)",24.807503700256348
202,2,citeseer,"(10, 5)",0.5717630386352539
203,3,citeseer,"(10, 5)",0.6441981792449951
204,4,citeseer,"(10, 5)",0.6026971340179443
205,5,citeseer,"(10, 5)",0.886965274810791
206,6,citeseer,"(10, 5)",0.5760276317596436
207,7,citeseer,"(10, 5)",0.8677067756652832
208,8,citeseer,"(10, 5)",0.9863405227661133
209,9,citeseer,"(10, 5)",1.0937461853027344
210,10,citeseer,"(10, 5)",0.29645848274230957
211,11,citeseer,"(10, 5)",0.8379786014556885
212,12,citeseer,"(10, 5)",15.701802253723145
213,13,citeseer,"(10, 5)",0.9865658283233643
214,14,citeseer,"(10, 5)",0.4853355884552002
215,15,citeseer,"(10, 5)",1.7916696071624756
216,16,citeseer,"(10, 5)",2.3646206855773926
217,17,citeseer,"(10, 5)",1.1230037212371826
218,18,citeseer,"(10, 5)",0.8701303005218506
219,19,citeseer,"(10, 5)",7.623947858810425
220,20,citeseer,"(10, 5)",1.3990299701690674
221,21,citeseer,"(10, 5)",0.16848111152648926
222,22,citeseer,"(10, 5)",0.5777981281280518
223,23,citeseer,"(10, 5)",24.180798053741455
224,24,citeseer,"(10, 5)",2.5793206691741943
225,25,citeseer,"(10, 5)",9.539076328277588
226,26,citeseer,"(10, 5)",0.6228837966918945
227,27,citeseer,"(10, 5)",0.9226827621459961
228,28,citeseer,"(10, 5)",0.21470856666564941
229,29,citeseer,"(10, 5)",0.6132831573486328
230,30,citeseer,"(10, 5)",0.6691927909851074
231,31,citeseer,"(10, 5)",0.6630079746246338
232,32,citeseer,"(10, 5)",1.1409740447998047
233,33,citeseer,"(10, 5)",393.5209467411041
234,34,citeseer,"(10, 5)",7.847883462905884
235,35,citeseer,"(10, 5)",2.2993969917297363
236,36,citeseer,"(10, 5)",1.63236665725708
237,37,citeseer,"(10, 5)",1.178910255432129
238,38,citeseer,"(10, 5)",0.2617006301879883
239,39,citeseer,"(10, 5)",0.9242236614227295
240,40,citeseer,"(10, 5)",1.3962788581848145
241,41,citeseer,"(10, 5)",1.7265353202819824
242,42,citeseer,"(10, 5)",2.702191114425659
243,43,citeseer,"(10, 5)",0.6895897388458252
244,44,citeseer,"(10, 5)",0.6032345294952393
245,45,citeseer,"(10, 5)",0.7730145454406738
246,46,citeseer,"(10, 5)",0.5709977149963379
247,47,citeseer,"(10, 5)",1.050553321838379
248,48,citeseer,"(10, 5)",22.10654854774475
249,49,citeseer,"(10, 5)",1.8591077327728271
250,50,citeseer,"(10, 5)",1.6917154788970947
251,51,citeseer,"(10, 5)",2.0358030796051025
252,52,citeseer,"(10, 5)",1.3693304061889648
253,53,citeseer,"(10, 5)",1.132171630859375
254,54,citeseer,"(10, 5)",0.604623556137085
255,55,citeseer,"(10, 5)",0.8548848628997803
256,56,citeseer,"(10, 5)",1.1596081256866455
257,57,citeseer,"(10, 5)",0.7580020427703857
258,58,citeseer,"(10, 5)",0.9030106067657471
259,59,citeseer,"(10, 5)",0.7489280700683594
260,60,citeseer,"(10, 5)",0.7454776763916016
261,61,citeseer,"(10, 5)",0.7118754386901855
262,62,citeseer,"(10, 5)",8.325773239135742
263,63,citeseer,"(10, 5)",0.8870022296905518
264,64,citeseer,"(10, 5)",0.7877378463745117
265,65,citeseer,"(10, 5)",1.1749143600463867
266,66,citeseer,"(10, 5)",1.0533816814422607
267,67,citeseer,"(10, 5)",1.1577465534210205
268,68,citeseer,"(10, 5)",25.142199277877808
269,69,citeseer,"(10, 5)",0.719959020614624
270,70,citeseer,"(10, 5)",0.8466336727142334
271,71,citeseer,"(10, 5)",0.6204710006713867
272,72,citeseer,"(10, 5)",8.420024871826172
273,73,citeseer,"(10, 5)",1.2504866123199463
274,74,citeseer,"(10, 5)",1.0624845027923584
275,75,citeseer,"(10, 5)",5.867407560348511
276,76,citeseer,"(10, 5)",0.6393959522247314
277,77,citeseer,"(10, 5)",12.858719825744629
278,78,citeseer,"(10, 5)",1.2356109619140625
279,79,citeseer,"(10, 5)",0.7117617130279541
280,80,citeseer,"(10, 5)",0.185044527053833
281,81,citeseer,"(10, 5)",0.5964508056640625
282,82,citeseer,"(10, 5)",0.6129436492919922
283,83,citeseer,"(10, 5)",2.1301488876342773
284,84,citeseer,"(10, 5)",3.060072183609009
285,85,citeseer,"(10, 5)",0.5720620155334473
286,86,citeseer,"(10, 5)",1.2868304252624512
287,87,citeseer,"(10, 5)",3.1069881916046143
288,88,citeseer,"(10, 5)",9.268758773803711
289,89,citeseer,"(10, 5)",1.6100103855133057
290,90,citeseer,"(10, 5)",1.2766127586364746
291,91,citeseer,"(10, 5)",3.587327480316162
292,92,citeseer,"(10, 5)",1.3074495792388916
293,93,citeseer,"(10, 5)",0.6793954372406006
294,94,citeseer,"(10, 5)",27.94251775741577
295,95,citeseer,"(10, 5)",1.1539497375488281
296,96,citeseer,"(10, 5)",1.5321710109710693
297,97,citeseer,"(10, 5)",10.815055131912231
298,98,citeseer,"(10, 5)",0.638110876083374
299,99,citeseer,"(10, 5)",0.6140110492706299
300,0,cora_ml,"(1, 1)",2.9872660636901855
301,1,cora_ml,"(1, 1)",6.687991142272949
302,2,cora_ml,"(1, 1)",11.254979848861694
303,3,cora_ml,"(1, 1)",3.6429896354675293
304,4,cora_ml,"(1, 1)",70.73043513298035
305,5,cora_ml,"(1, 1)",243.9382050037384
306,6,cora_ml,"(1, 1)",1.0844085216522217
307,7,cora_ml,"(1, 1)",58.489227533340454
308,8,cora_ml,"(1, 1)",2.902801990509033
309,9,cora_ml,"(1, 1)",491.8250699043274
310,10,cora_ml,"(1, 1)",1.0554566383361816
311,11,cora_ml,"(1, 1)",9.723773002624512
312,12,cora_ml,"(1, 1)",1.5184385776519775
313,13,cora_ml,"(1, 1)",2.219862222671509
314,14,cora_ml,"(1, 1)",13.59618854522705
315,15,cora_ml,"(1, 1)",103.6997377872467
316,16,cora_ml,"(1, 1)",7.400157928466797
317,17,cora_ml,"(1, 1)",413.10349202156067
318,18,cora_ml,"(1, 1)",0.8209385871887207
319,19,cora_ml,"(1, 1)",1.8567132949829102
320,20,cora_ml,"(1, 1)",3.026620626449585
321,21,cora_ml,"(1, 1)",2.3273229598999023
322,22,cora_ml,"(1, 1)",0.9457399845123291
323,23,cora_ml,"(1, 1)",4.400883197784424
324,24,cora_ml,"(1, 1)",12.32099962234497
325,25,cora_ml,"(1, 1)",67.93925881385803
326,26,cora_ml,"(1, 1)",2.992180585861206
327,27,cora_ml,"(1, 1)",54.48236155509949
328,28,cora_ml,"(1, 1)",6.285388469696045
329,29,cora_ml,"(1, 1)",9.411117792129517
330,30,cora_ml,"(1, 1)",0.7667133808135986
331,31,cora_ml,"(1, 1)",6.353339433670044
332,32,cora_ml,"(1, 1)",32.46340489387512
333,33,cora_ml,"(1, 1)",1523.2245726585388
334,34,cora_ml,"(1, 1)",212.90914630889893
335,35,cora_ml,"(1, 1)",45.576621532440186
336,36,cora_ml,"(1, 1)",103.04181027412415
337,37,cora_ml,"(1, 1)",17.211546897888184
338,38,cora_ml,"(1, 1)",90.47181916236877
339,39,cora_ml,"(1, 1)",1.0721564292907715
340,40,cora_ml,"(1, 1)",0.9203245639801025
341,41,cora_ml,"(1, 1)",183.7078230381012
342,42,cora_ml,"(1, 1)",274.78618836402893
343,43,cora_ml,"(1, 1)",200.31738233566284
344,44,cora_ml,"(1, 1)",135.01635789871216
345,45,cora_ml,"(1, 1)",349.52008295059204
346,46,cora_ml,"(1, 1)",48.7189838886261
347,47,cora_ml,"(1, 1)",348.67932772636414
348,48,cora_ml,"(1, 1)",251.47740411758423
349,49,cora_ml,"(1, 1)",9.145322799682617
350,50,cora_ml,"(1, 1)",151.31904983520508
351,51,cora_ml,"(1, 1)",9.803911209106445
352,52,cora_ml,"(1, 1)",1634.2809603214264
353,53,cora_ml,"(1, 1)",226.5332293510437
354,54,cora_ml,"(1, 1)",281.87609338760376
355,55,cora_ml,"(1, 1)",16.44814968109131
356,56,cora_ml,"(1, 1)",196.91409826278687
357,57,cora_ml,"(1, 1)",24.818965196609497
358,58,cora_ml,"(1, 1)",36.67431569099426
359,59,cora_ml,"(1, 1)",261.27495217323303
360,60,cora_ml,"(1, 1)",36.54328751564026
361,61,cora_ml,"(1, 1)",47.99188828468323
362,62,cora_ml,"(1, 1)",152.7051568031311
363,63,cora_ml,"(1, 1)",266.4859230518341
364,64,cora_ml,"(1, 1)",56.95291519165039
365,65,cora_ml,"(1, 1)",299.21708607673645
366,66,cora_ml,"(1, 1)",297.33240723609924
367,67,cora_ml,"(1, 1)",9.170915126800537
368,68,cora_ml,"(1, 1)",9.152140378952026
369,69,cora_ml,"(1, 1)",170.26499891281128
370,70,cora_ml,"(1, 1)",204.92552828788757
371,71,cora_ml,"(1, 1)",26.62864351272583
372,72,cora_ml,"(1, 1)",174.17257809638977
373,73,cora_ml,"(1, 1)",177.3019847869873
374,74,cora_ml,"(1, 1)",1.495640516281128
375,75,cora_ml,"(1, 1)",332.2777841091156
376,76,cora_ml,"(1, 1)",1.2321839332580566
377,77,cora_ml,"(1, 1)",3.8682196140289307
378,78,cora_ml,"(1, 1)",273.162073135376
379,79,cora_ml,"(1, 1)",1.7156579494476318
380,80,cora_ml,"(1, 1)",152.74785089492798
381,81,cora_ml,"(1, 1)",242.30933094024658
382,82,cora_ml,"(1, 1)",378.00716829299927
383,83,cora_ml,"(1, 1)",31.074376106262207
384,84,cora_ml,"(1, 1)",643.262012720108
385,85,cora_ml,"(1, 1)",1.0075230598449707
386,86,cora_ml,"(1, 1)",361.57744121551514
387,87,cora_ml,"(1, 1)",6.729183197021484
388,88,cora_ml,"(1, 1)",209.79890513420105
389,89,cora_ml,"(1, 1)",410.3408052921295
390,90,cora_ml,"(1, 1)",10.259687662124634
391,91,cora_ml,"(1, 1)",175.78409624099731
392,92,cora_ml,"(1, 1)",35.17021059989929
393,93,cora_ml,"(1, 1)",260.7788829803467
394,94,cora_ml,"(1, 1)",310.2669334411621
395,95,cora_ml,"(1, 1)",94.55814695358276
396,96,cora_ml,"(1, 1)",237.4415946006775
397,97,cora_ml,"(1, 1)",8.612844467163086
398,98,cora_ml,"(1, 1)",3.5826821327209473
399,99,cora_ml,"(1, 1)",1.5427682399749756
400,0,cora_ml,"(5, 3)",23.199506998062134
401,1,cora_ml,"(5, 3)",2.876774787902832
402,2,cora_ml,"(5, 3)",65.69443321228027
403,3,cora_ml,"(5, 3)",0.5372447967529297
404,4,cora_ml,"(5, 3)",335.9906780719757
405,5,cora_ml,"(5, 3)",1827.642450094223
406,6,cora_ml,"(5, 3)",0.9223337173461914
407,7,cora_ml,"(5, 3)",24.07399320602417
408,8,cora_ml,"(5, 3)",10.959922313690186
409,9,cora_ml,"(5, 3)",7.2862021923065186
410,10,cora_ml,"(5, 3)",1.4022564888000488
411,11,cora_ml,"(5, 3)",10.746227025985718
412,12,cora_ml,"(5, 3)",1.4641015529632568
413,13,cora_ml,"(5, 3)",4.7255332469940186
414,14,cora_ml,"(5, 3)",114.92699003219604
415,15,cora_ml,"(5, 3)",16.96509552001953
416,16,cora_ml,"(5, 3)",44.976855754852295
417,17,cora_ml,"(5, 3)",2712.4402124881744
418,18,cora_ml,"(5, 3)",0.20821905136108398
419,19,cora_ml,"(5, 3)",0.9840548038482666
420,20,cora_ml,"(5, 3)",5.962712049484253
421,21,cora_ml,"(5, 3)",0.38296031951904297
422,22,cora_ml,"(5, 3)",0.7380099296569824
423,23,cora_ml,"(5, 3)",4.502408981323242
424,24,cora_ml,"(5, 3)",2.6315996646881104
425,25,cora_ml,"(5, 3)",351.70716309547424
426,26,cora_ml,"(5, 3)",31.94944477081299
427,27,cora_ml,"(5, 3)",294.15931010246277
428,28,cora_ml,"(5, 3)",39.15000605583191
429,29,cora_ml,"(5, 3)",92.12887692451477
430,30,cora_ml,"(5, 3)",0.7853524684906006
431,31,cora_ml,"(5, 3)",14.548285484313965
432,32,cora_ml,"(5, 3)",21.760242700576782
433,33,cora_ml,"(5, 3)",359.6501657962799
434,34,cora_ml,"(5, 3)",1933.7501211166382
435,35,cora_ml,"(5, 3)",223.2417814731598
436,36,cora_ml,"(5, 3)",1189.4806220531464
437,37,cora_ml,"(5, 3)",21.346875190734863
438,38,cora_ml,"(5, 3)",88.12624716758728
439,39,cora_ml,"(5, 3)",1.2995707988739014
440,40,cora_ml,"(5, 3)",1.2702150344848633
441,41,cora_ml,"(5, 3)",434.7441895008087
442,42,cora_ml,"(5, 3)",2183.209703683853
443,43,cora_ml,"(5, 3)",143.92588472366333
444,44,cora_ml,"(5, 3)",104.81013202667236
445,45,cora_ml,"(5, 3)",491.54982137680054
446,46,cora_ml,"(5, 3)",39.11881875991821
447,47,cora_ml,"(5, 3)",617.51842045784
448,48,cora_ml,"(5, 3)",537.800243139267
449,49,cora_ml,"(5, 3)",13.202893733978271
450,50,cora_ml,"(5, 3)",133.4940013885498
451,51,cora_ml,"(5, 3)",81.29004287719727
452,52,cora_ml,"(5, 3)",33.3525276184082
453,53,cora_ml,"(5, 3)",1929.3254933357239
454,54,cora_ml,"(5, 3)",449.20520782470703
455,55,cora_ml,"(5, 3)",115.72437739372253
456,56,cora_ml,"(5, 3)",775.3846423625946
457,57,cora_ml,"(5, 3)",29.495936393737793
458,58,cora_ml,"(5, 3)",37.39777112007141
459,59,cora_ml,"(5, 3)",1641.2289564609528
460,60,cora_ml,"(5, 3)",44.247453689575195
461,61,cora_ml,"(5, 3)",14.451906681060791
462,62,cora_ml,"(5, 3)",122.23616242408752
463,63,cora_ml,"(5, 3)",1589.4906606674194
464,64,cora_ml,"(5, 3)",403.9703166484833
465,65,cora_ml,"(5, 3)",2313.250952243805
466,66,cora_ml,"(5, 3)",1913.739236831665
467,67,cora_ml,"(5, 3)",23.789777040481567
468,68,cora_ml,"(5, 3)",17.400280475616455
469,69,cora_ml,"(5, 3)",117.62474155426025
470,70,cora_ml,"(5, 3)",159.3042938709259
471,71,cora_ml,"(5, 3)",9.457947492599487
472,72,cora_ml,"(5, 3)",893.7238781452179
473,73,cora_ml,"(5, 3)",1962.549424648285
474,74,cora_ml,"(5, 3)",2.0689291954040527
475,75,cora_ml,"(5, 3)",103.85917472839355
476,76,cora_ml,"(5, 3)",0.2541775703430176
477,77,cora_ml,"(5, 3)",2.9329674243927
478,78,cora_ml,"(5, 3)",1283.1238687038422
479,79,cora_ml,"(5, 3)",1.8857204914093018
480,80,cora_ml,"(5, 3)",131.57015013694763
481,81,cora_ml,"(5, 3)",913.0129699707031
482,82,cora_ml,"(5, 3)",328.3114767074585
483,83,cora_ml,"(5, 3)",133.8982720375061
484,84,cora_ml,"(5, 3)",559.0046701431274
485,85,cora_ml,"(5, 3)",7.8618409633636475
486,86,cora_ml,"(5, 3)",2156.954207420349
487,87,cora_ml,"(5, 3)",61.516213178634644
488,88,cora_ml,"(5, 3)",1378.7400615215302
489,89,cora_ml,"(5, 3)",347.4205446243286
490,90,cora_ml,"(5, 3)",7.791131973266602
491,91,cora_ml,"(5, 3)",1072.7583873271942
492,92,cora_ml,"(5, 3)",27.69653344154358
493,93,cora_ml,"(5, 3)",200.96665906906128
494,94,cora_ml,"(5, 3)",260.8393397331238
495,95,cora_ml,"(5, 3)",773.6383719444275
496,96,cora_ml,"(5, 3)",35.11662316322327
497,97,cora_ml,"(5, 3)",6.535535573959351
498,98,cora_ml,"(5, 3)",0.60801100730896
499,99,cora_ml,"(5, 3)",1.0383777618408203
500,0,cora_ml,"(10, 5)",25.594061374664307
501,1,cora_ml,"(10, 5)",4.63240647315979
502,2,cora_ml,"(10, 5)",50.88114142417908
503,3,cora_ml,"(10, 5)",0.45201635360717773
504,4,cora_ml,"(10, 5)",519.6934649944305
505,5,cora_ml,"(10, 5)",1535.2807266712189
506,6,cora_ml,"(10, 5)",8.34192705154419
507,7,cora_ml,"(10, 5)",13.043359279632568
508,8,cora_ml,"(10, 5)",5.981514930725098
509,9,cora_ml,"(10, 5)",13.317671775817871
510,10,cora_ml,"(10, 5)",1.0278630256652832
511,11,cora_ml,"(10, 5)",12.827453851699829
512,12,cora_ml,"(10, 5)",2.5977931022644043
513,13,cora_ml,"(10, 5)",3.374926805496216
514,14,cora_ml,"(10, 5)",123.07097601890564
515,15,cora_ml,"(10, 5)",8.155013799667358
516,16,cora_ml,"(10, 5)",1.7705919742584229
517,17,cora_ml,"(10, 5)",59.51211142539978
518,18,cora_ml,"(10, 5)",0.8624043464660645
519,19,cora_ml,"(10, 5)",1.5758497714996338
520,20,cora_ml,"(10, 5)",16.123961687088013
521,21,cora_ml,"(10, 5)",0.5041720867156982
522,22,cora_ml,"(10, 5)",0.46115922927856445
523,23,cora_ml,"(10, 5)",4.080082654953003
524,24,cora_ml,"(10, 5)",2.7670788764953613
525,25,cora_ml,"(10, 5)",376.0644099712372
526,26,cora_ml,"(10, 5)",30.693888425827026
527,27,cora_ml,"(10, 5)",162.50963759422302
528,28,cora_ml,"(10, 5)",28.210533618927002
529,29,cora_ml,"(10, 5)",68.38809561729431
530,30,cora_ml,"(10, 5)",0.8184375762939453
531,31,cora_ml,"(10, 5)",70.34411835670471
532,32,cora_ml,"(10, 5)",31.64549422264099
533,33,cora_ml,"(10, 5)",345.3569052219391
534,34,cora_ml,"(10, 5)",1285.349858045578
535,35,cora_ml,"(10, 5)",212.41081047058105
536,36,cora_ml,"(10, 5)",656.3594787120819
537,37,cora_ml,"(10, 5)",248.6520357131958
538,38,cora_ml,"(10, 5)",87.49784851074219
539,39,cora_ml,"(10, 5)",0.2117476463317871
540,40,cora_ml,"(10, 5)",0.792325496673584
541,41,cora_ml,"(10, 5)",1087.7280914783478
542,42,cora_ml,"(10, 5)",1320.2067849636078
543,43,cora_ml,"(10, 5)",142.25586247444153
544,44,cora_ml,"(10, 5)",239.85920310020447
545,45,cora_ml,"(10, 5)",1773.8297703266144
546,46,cora_ml,"(10, 5)",35.089686155319214
547,47,cora_ml,"(10, 5)",3700.5788650512695
548,48,cora_ml,"(10, 5)",188.2998230457306
549,49,cora_ml,"(10, 5)",55.48101997375488
550,50,cora_ml,"(10, 5)",767.1939709186554
551,51,cora_ml,"(10, 5)",65.34629201889038
552,52,cora_ml,"(10, 5)",33.02384066581726
553,53,cora_ml,"(10, 5)",1252.4957122802734
554,54,cora_ml,"(10, 5)",1615.89625954628
555,55,cora_ml,"(10, 5)",97.88713431358337
556,56,cora_ml,"(10, 5)",1395.5021991729736
557,57,cora_ml,"(10, 5)",173.6063301563263
558,58,cora_ml,"(10, 5)",180.42968726158142
559,59,cora_ml,"(10, 5)",1548.0710065364838
560,60,cora_ml,"(10, 5)",291.5650758743286
561,61,cora_ml,"(10, 5)",16.47816252708435
562,62,cora_ml,"(10, 5)",125.17936325073242
563,63,cora_ml,"(10, 5)",1486.0234076976776
564,64,cora_ml,"(10, 5)",582.1673612594604
565,65,cora_ml,"(10, 5)",1631.4544570446014
566,66,cora_ml,"(10, 5)",395.8768401145935
567,67,cora_ml,"(10, 5)",1.1736419200897217
568,68,cora_ml,"(10, 5)",43.49220132827759
569,69,cora_ml,"(10, 5)",56.953985929489136
570,70,cora_ml,"(10, 5)",150.6040337085724
571,71,cora_ml,"(10, 5)",10.645999670028687
572,72,cora_ml,"(10, 5)",942.9764142036438
573,73,cora_ml,"(10, 5)",5822.771749973297
574,74,cora_ml,"(10, 5)",1.3185131549835205
575,75,cora_ml,"(10, 5)",645.902871131897
576,76,cora_ml,"(10, 5)",0.1692519187927246
577,77,cora_ml,"(10, 5)",0.5181126594543457
578,78,cora_ml,"(10, 5)",1462.9954242706299
579,79,cora_ml,"(10, 5)",8.689638614654541
580,80,cora_ml,"(10, 5)",180.2520272731781
581,81,cora_ml,"(10, 5)",1385.2411932945251
582,82,cora_ml,"(10, 5)",2152.254372358322
583,83,cora_ml,"(10, 5)",1.9607508182525635
584,84,cora_ml,"(10, 5)",3626.2767901420593
585,85,cora_ml,"(10, 5)",6.8281683921813965
586,86,cora_ml,"(10, 5)",46.3985800743103
587,87,cora_ml,"(10, 5)",34.706066846847534
588,88,cora_ml,"(10, 5)",986.7626206874847
589,89,cora_ml,"(10, 5)",285.0854616165161
590,90,cora_ml,"(10, 5)",3.5731616020202637
591,91,cora_ml,"(10, 5)",2256.0826165676117
592,92,cora_ml,"(10, 5)",25.253530979156494
593,93,cora_ml,"(10, 5)",172.44914293289185
594,94,cora_ml,"(10, 5)",1439.226714372635
595,95,cora_ml,"(10, 5)",482.3920805454254
596,96,cora_ml,"(10, 5)",16.2431423664093
597,97,cora_ml,"(10, 5)",6.8435869216918945
598,98,cora_ml,"(10, 5)",0.5096626281738281
599,99,cora_ml,"(10, 5)",1.128704309463501
600,0,pubmed,"(1, 1)",19.94023084640503
601,1,pubmed,"(1, 1)",1.5056688785552979
602,2,pubmed,"(1, 1)",1.4828572273254395
603,3,pubmed,"(1, 1)",0.9008054733276367
604,4,pubmed,"(1, 1)",0.8806586265563965
605,5,pubmed,"(1, 1)",2.4200923442840576
606,6,pubmed,"(1, 1)",82.19008350372314
607,7,pubmed,"(1, 1)",2537.0756232738495
608,8,pubmed,"(1, 1)",1.2006330490112305
609,9,pubmed,"(1, 1)",80.56102776527405
610,10,pubmed,"(1, 1)",5.879809141159058
611,11,pubmed,"(1, 1)",1.8929426670074463
612,12,pubmed,"(1, 1)",4.287724494934082
613,13,pubmed,"(1, 1)",5.093752145767212
614,14,pubmed,"(1, 1)",1.145711898803711
615,15,pubmed,"(1, 1)",5.783648252487183
616,16,pubmed,"(1, 1)",2.890590190887451
617,17,pubmed,"(1, 1)",0.7015612125396729
618,18,pubmed,"(1, 1)",3.325984477996826
619,19,pubmed,"(1, 1)",1.7425508499145508
620,20,pubmed,"(1, 1)",1.8715052604675293
621,21,pubmed,"(1, 1)",3.071183443069458
622,22,pubmed,"(1, 1)",1.3088774681091309
623,23,pubmed,"(1, 1)",1.882857084274292
624,24,pubmed,"(1, 1)",3.6893975734710693
625,25,pubmed,"(1, 1)",1.0169975757598877
626,26,pubmed,"(1, 1)",0.7088127136230469
627,27,pubmed,"(1, 1)",7.369058609008789
628,28,pubmed,"(1, 1)",1.1426246166229248
629,29,pubmed,"(1, 1)",4.249840259552002
630,30,pubmed,"(1, 1)",1.1763248443603516
631,31,pubmed,"(1, 1)",1.105053186416626
632,32,pubmed,"(1, 1)",0.7846517562866211
633,33,pubmed,"(1, 1)",0.7559616565704346
634,34,pubmed,"(1, 1)",2.9993157386779785
635,35,pubmed,"(1, 1)",8.03530240058899
636,36,pubmed,"(1, 1)",2.0069618225097656
637,37,pubmed,"(1, 1)",5.596472501754761
638,38,pubmed,"(1, 1)",1.106022596359253
639,39,pubmed,"(1, 1)",1.3872733116149902
640,40,pubmed,"(1, 1)",6.505717754364014
641,41,pubmed,"(1, 1)",12.57682204246521
642,42,pubmed,"(1, 1)",2.0050294399261475
643,43,pubmed,"(1, 1)",2.4484026432037354
644,44,pubmed,"(1, 1)",1.2167761325836182
645,45,pubmed,"(1, 1)",2.998666763305664
646,46,pubmed,"(1, 1)",85.90815043449402
647,47,pubmed,"(1, 1)",110.87855887413025
648,48,pubmed,"(1, 1)",68.24807715415955
649,49,pubmed,"(1, 1)",0.9487555027008057
650,50,pubmed,"(1, 1)",0.810478687286377
651,51,pubmed,"(1, 1)",0.7952141761779785
652,52,pubmed,"(1, 1)",1.278956651687622
653,53,pubmed,"(1, 1)",0.6903800964355469
654,54,pubmed,"(1, 1)",0.8340411186218262
655,55,pubmed,"(1, 1)",1.0284702777862549
656,56,pubmed,"(1, 1)",0.971489667892456
657,57,pubmed,"(1, 1)",2.265946626663208
658,58,pubmed,"(1, 1)",0.8819231986999512
659,59,pubmed,"(1, 1)",0.6785917282104492
660,60,pubmed,"(1, 1)",101.92109441757202
661,61,pubmed,"(1, 1)",1.3596761226654053
662,62,pubmed,"(1, 1)",308.4417929649353
663,63,pubmed,"(1, 1)",1.3102915287017822
664,64,pubmed,"(1, 1)",6.189191818237305
665,65,pubmed,"(1, 1)",1.527104139328003
666,66,pubmed,"(1, 1)",0.8691809177398682
667,67,pubmed,"(1, 1)",1.5638296604156494
668,68,pubmed,"(1, 1)",0.9911468029022217
669,69,pubmed,"(1, 1)",2.654715061187744
670,70,pubmed,"(1, 1)",1.4647667407989502
671,71,pubmed,"(1, 1)",1.8192031383514404
672,72,pubmed,"(1, 1)",7.576164484024048
673,73,pubmed,"(1, 1)",1.5714004039764404
674,74,pubmed,"(1, 1)",1.3793120384216309
675,75,pubmed,"(1, 1)",1.391838788986206
676,76,pubmed,"(1, 1)",4.678332328796387
677,77,pubmed,"(1, 1)",4.090651512145996
678,78,pubmed,"(1, 1)",0.8554375171661377
679,79,pubmed,"(1, 1)",1.3404841423034668
680,80,pubmed,"(1, 1)",1.6301510334014893
681,81,pubmed,"(1, 1)",0.9193167686462402
682,82,pubmed,"(1, 1)",2.3911914825439453
683,83,pubmed,"(1, 1)",1.461164951324463
684,84,pubmed,"(1, 1)",2.971304416656494
685,85,pubmed,"(1, 1)",58.28706502914429
686,86,pubmed,"(1, 1)",25.507714986801147
687,87,pubmed,"(1, 1)",7.762794256210327
688,88,pubmed,"(1, 1)",252.00565195083618
689,89,pubmed,"(1, 1)",1.268226146697998
690,90,pubmed,"(1, 1)",1.0254132747650146
691,91,pubmed,"(1, 1)",2.003589153289795
692,92,pubmed,"(1, 1)",1.5689153671264648
693,93,pubmed,"(1, 1)",1.2978365421295166
694,94,pubmed,"(1, 1)",1.4725909233093262
695,95,pubmed,"(1, 1)",32.93456196784973
696,96,pubmed,"(1, 1)",1.805161714553833
697,97,pubmed,"(1, 1)",20.961019039154053
698,98,pubmed,"(1, 1)",1.0124356746673584
699,99,pubmed,"(1, 1)",84.12648010253906
700,0,pubmed,"(5, 3)",297.40325236320496
701,1,pubmed,"(5, 3)",1.8888282775878906
702,2,pubmed,"(5, 3)",0.9627304077148438
703,3,pubmed,"(5, 3)",0.899864673614502
704,4,pubmed,"(5, 3)",0.8817870616912842
705,5,pubmed,"(5, 3)",4.760788202285767
706,6,pubmed,"(5, 3)",1556.5706236362457
707,7,pubmed,"(5, 3)",58.525359869003296
708,8,pubmed,"(5, 3)",1.587153434753418
709,9,pubmed,"(5, 3)",2.1152966022491455
710,10,pubmed,"(5, 3)",4.971875905990601
711,11,pubmed,"(5, 3)",1.1182630062103271
712,12,pubmed,"(5, 3)",2.10904598236084
713,13,pubmed,"(5, 3)",7.580324649810791
714,14,pubmed,"(5, 3)",1.1828935146331787
715,15,pubmed,"(5, 3)",48.1091730594635
716,16,pubmed,"(5, 3)",11.362101554870605
717,17,pubmed,"(5, 3)",0.7535436153411865
718,18,pubmed,"(5, 3)",1.6234688758850098
719,19,pubmed,"(5, 3)",42.008148193359375
720,20,pubmed,"(5, 3)",1.1861226558685303
721,21,pubmed,"(5, 3)",0.9696142673492432
722,22,pubmed,"(5, 3)",1.5125672817230225
723,23,pubmed,"(5, 3)",1.9250128269195557
724,24,pubmed,"(5, 3)",14.964308977127075
725,25,pubmed,"(5, 3)",0.8594813346862793
726,26,pubmed,"(5, 3)",0.7043776512145996
727,27,pubmed,"(5, 3)",0.749638557434082
728,28,pubmed,"(5, 3)",1.344054937362671
729,29,pubmed,"(5, 3)",3.3067569732666016
730,30,pubmed,"(5, 3)",1.1496081352233887
731,31,pubmed,"(5, 3)",0.9371371269226074
732,32,pubmed,"(5, 3)",1.349951982498169
733,33,pubmed,"(5, 3)",1.221792221069336
734,34,pubmed,"(5, 3)",57.07763075828552
735,35,pubmed,"(5, 3)",5.672243356704712
736,36,pubmed,"(5, 3)",1.7004766464233398
737,37,pubmed,"(5, 3)",3.494216203689575
738,38,pubmed,"(5, 3)",1.1719903945922852
739,39,pubmed,"(5, 3)",1.1194829940795898
740,40,pubmed,"(5, 3)",1.973006248474121
741,41,pubmed,"(5, 3)",8.165909051895142
742,42,pubmed,"(5, 3)",1.8715946674346924
743,43,pubmed,"(5, 3)",1.418170690536499
744,44,pubmed,"(5, 3)",2.2562363147735596
745,45,pubmed,"(5, 3)",3.8574886322021484
746,46,pubmed,"(5, 3)",44.155648946762085
747,47,pubmed,"(5, 3)",79.72400498390198
748,48,pubmed,"(5, 3)",59.63639211654663
749,49,pubmed,"(5, 3)",1.750380516052246
750,50,pubmed,"(5, 3)",1.4076862335205078
751,51,pubmed,"(5, 3)",1.2908151149749756
752,52,pubmed,"(5, 3)",1.3586375713348389
753,53,pubmed,"(5, 3)",0.8149950504302979
754,54,pubmed,"(5, 3)",12.956705331802368
755,55,pubmed,"(5, 3)",0.8830957412719727
756,56,pubmed,"(5, 3)",0.782038688659668
757,57,pubmed,"(5, 3)",48.90709662437439
758,58,pubmed,"(5, 3)",2.4333348274230957
759,59,pubmed,"(5, 3)",1.101902961730957
760,60,pubmed,"(5, 3)",91.81581163406372
761,61,pubmed,"(5, 3)",1.1444897651672363
762,62,pubmed,"(5, 3)",1665.424313545227
763,63,pubmed,"(5, 3)",2.345513105392456
764,64,pubmed,"(5, 3)",1.425567865371704
765,65,pubmed,"(5, 3)",20.098949193954468
766,66,pubmed,"(5, 3)",0.8635213375091553
767,67,pubmed,"(5, 3)",1.5505561828613281
768,68,pubmed,"(5, 3)",0.8120083808898926
769,69,pubmed,"(5, 3)",1.6977903842926025
770,70,pubmed,"(5, 3)",1.1936469078063965
771,71,pubmed,"(5, 3)",2.9759199619293213
772,72,pubmed,"(5, 3)",137.26772212982178
773,73,pubmed,"(5, 3)",1.1817057132720947
774,74,pubmed,"(5, 3)",1.509108066558838
775,75,pubmed,"(5, 3)",1.0612678527832031
776,76,pubmed,"(5, 3)",59.54860758781433
777,77,pubmed,"(5, 3)",3.570293426513672
778,78,pubmed,"(5, 3)",0.8234291076660156
779,79,pubmed,"(5, 3)",11.925355195999146
780,80,pubmed,"(5, 3)",3.6058597564697266
781,81,pubmed,"(5, 3)",0.9423022270202637
782,82,pubmed,"(5, 3)",2.1600606441497803
783,83,pubmed,"(5, 3)",1.1274058818817139
784,84,pubmed,"(5, 3)",6.901548862457275
785,85,pubmed,"(5, 3)",322.75201964378357
786,86,pubmed,"(5, 3)",228.902836561203
787,87,pubmed,"(5, 3)",3.4429802894592285
788,88,pubmed,"(5, 3)",4039.406662464142
789,89,pubmed,"(5, 3)",0.7747554779052734
790,90,pubmed,"(5, 3)",1.0846126079559326
791,91,pubmed,"(5, 3)",1.6918652057647705
792,92,pubmed,"(5, 3)",1.5443992614746094
793,93,pubmed,"(5, 3)",1.3517119884490967
794,94,pubmed,"(5, 3)",0.9775505065917969
795,95,pubmed,"(5, 3)",1.8086209297180176
796,96,pubmed,"(5, 3)",1.8963308334350586
797,97,pubmed,"(5, 3)",17.16742181777954
798,98,pubmed,"(5, 3)",0.6689364910125732
799,99,pubmed,"(5, 3)",47.4715313911438
800,0,pubmed,"(10, 5)",8.690687417984009
801,1,pubmed,"(10, 5)",2.753389358520508
802,2,pubmed,"(10, 5)",3.4426639080047607
803,3,pubmed,"(10, 5)",1.4558730125427246
804,4,pubmed,"(10, 5)",1.0279300212860107
805,5,pubmed,"(10, 5)",11.595859050750732
806,6,pubmed,"(10, 5)",687.2446281909943
807,7,pubmed,"(10, 5)",59.363927602767944
808,8,pubmed,"(10, 5)",1.2441153526306152
809,9,pubmed,"(10, 5)",2.2449402809143066
810,10,pubmed,"(10, 5)",4.659818887710571
811,11,pubmed,"(10, 5)",0.9397296905517578
812,12,pubmed,"(10, 5)",2.7899723052978516
813,13,pubmed,"(10, 5)",4.795335531234741
814,14,pubmed,"(10, 5)",0.9857809543609619
815,15,pubmed,"(10, 5)",1.5153255462646484
816,16,pubmed,"(10, 5)",64.56041717529297
817,17,pubmed,"(10, 5)",0.8917319774627686
818,18,pubmed,"(10, 5)",1.0936834812164307
819,19,pubmed,"(10, 5)",33.99857997894287
820,20,pubmed,"(10, 5)",0.8572397232055664
821,21,pubmed,"(10, 5)",0.7000775337219238
822,22,pubmed,"(10, 5)",0.8078608512878418
823,23,pubmed,"(10, 5)",1.0354678630828857
824,24,pubmed,"(10, 5)",30.60059642791748
825,25,pubmed,"(10, 5)",0.9673285484313965
826,26,pubmed,"(10, 5)",0.8684098720550537
827,27,pubmed,"(10, 5)",0.7407917976379395
828,28,pubmed,"(10, 5)",0.8186919689178467
829,29,pubmed,"(10, 5)",1.8706755638122559
830,30,pubmed,"(10, 5)",0.8190760612487793
831,31,pubmed,"(10, 5)",0.941300630569458
832,32,pubmed,"(10, 5)",0.9752066135406494
833,33,pubmed,"(10, 5)",0.877586841583252
834,34,pubmed,"(10, 5)",11.464340925216675
835,35,pubmed,"(10, 5)",2.940248727798462
836,36,pubmed,"(10, 5)",1.584855556488037
837,37,pubmed,"(10, 5)",10.025436162948608
838,38,pubmed,"(10, 5)",0.7402322292327881
839,39,pubmed,"(10, 5)",1.358665943145752
840,40,pubmed,"(10, 5)",3.418135166168213
841,41,pubmed,"(10, 5)",10.278151750564575
842,42,pubmed,"(10, 5)",1.296025037765503
843,43,pubmed,"(10, 5)",0.7563230991363525
844,44,pubmed,"(10, 5)",0.6628749370574951
845,45,pubmed,"(10, 5)",1.3326208591461182
846,46,pubmed,"(10, 5)",30.669108629226685
847,47,pubmed,"(10, 5)",1656.874975681305
848,48,pubmed,"(10, 5)",59.162264585494995
849,49,pubmed,"(10, 5)",1.8631312847137451
850,50,pubmed,"(10, 5)",2.268401622772217
851,51,pubmed,"(10, 5)",1.8221874237060547
852,52,pubmed,"(10, 5)",3.0662741661071777
853,53,pubmed,"(10, 5)",1.212731122970581
854,54,pubmed,"(10, 5)",10.232184886932373
855,55,pubmed,"(10, 5)",1.0454249382019043
856,56,pubmed,"(10, 5)",0.9742488861083984
857,57,pubmed,"(10, 5)",1.7547247409820557
858,58,pubmed,"(10, 5)",3.797578811645508
859,59,pubmed,"(10, 5)",0.6547317504882812
860,60,pubmed,"(10, 5)",96.04162502288818
861,61,pubmed,"(10, 5)",0.9154503345489502
862,62,pubmed,"(10, 5)",152.48417735099792
863,63,pubmed,"(10, 5)",3.1633453369140625
864,64,pubmed,"(10, 5)",2.487325429916382
865,65,pubmed,"(10, 5)",1.9882631301879883
866,66,pubmed,"(10, 5)",2.166670322418213
867,67,pubmed,"(10, 5)",2.991478681564331
868,68,pubmed,"(10, 5)",1.1975197792053223
869,69,pubmed,"(10, 5)",3.2355992794036865
870,70,pubmed,"(10, 5)",2.141223907470703
871,71,pubmed,"(10, 5)",8.636489391326904
872,72,pubmed,"(10, 5)",30.799604177474976
873,73,pubmed,"(10, 5)",0.8949320316314697
874,74,pubmed,"(10, 5)",0.8277440071105957
875,75,pubmed,"(10, 5)",1.099165678024292
876,76,pubmed,"(10, 5)",87.92168068885803
877,77,pubmed,"(10, 5)",4.6335413455963135
878,78,pubmed,"(10, 5)",0.7628326416015625
879,79,pubmed,"(10, 5)",0.9367175102233887
880,80,pubmed,"(10, 5)",1.6610281467437744
881,81,pubmed,"(10, 5)",1.3738641738891602
882,82,pubmed,"(10, 5)",2.1380536556243896
883,83,pubmed,"(10, 5)",1.3141398429870605
884,84,pubmed,"(10, 5)",16.77518916130066
885,85,pubmed,"(10, 5)",164.61039185523987
886,86,pubmed,"(10, 5)",205.009539604187
887,87,pubmed,"(10, 5)",4.4098780155181885
888,88,pubmed,"(10, 5)",767.6153492927551
889,89,pubmed,"(10, 5)",2.9373512268066406
890,90,pubmed,"(10, 5)",1.4957709312438965
891,91,pubmed,"(10, 5)",2.2569069862365723
892,92,pubmed,"(10, 5)",2.042074680328369
893,93,pubmed,"(10, 5)",3.3539323806762695
894,94,pubmed,"(10, 5)",0.7914772033691406
895,95,pubmed,"(10, 5)",1.1116623878479004
896,96,pubmed,"(10, 5)",1.098468542098999
897,97,pubmed,"(10, 5)",9.801530361175537
898,98,pubmed,"(10, 5)",1.0180275440216064
899,99,pubmed,"(10, 5)",39.30189657211304
